cycle_number,capacity_ah,soh_pct,resistance_ohm,temperature_c
1,1.0752345,100.0,0.0,0.0
2,1.0763277,100.101670844825,0.016699277,33.77380970619961
3,1.0766819,100.1346124961578,0.016663048,33.80214963858694
4,1.0772517,100.18760558743232,0.016644489,33.81155809257562
5,1.0775747,100.2176455461576,0.016607096,33.73858453607311
6,1.0777456,100.23353975342121,0.016611505,33.78599883769166
7,1.0779704,100.25444682067028,0.016597141,33.81671782565497
8,1.0781482,100.27098274841441,0.016574282,33.812684990999095
9,1.0783457,100.28935083463189,0.016568344,33.796601435543174
10,1.078598,100.31281548350614,0.016555659,33.81260922764226
11,1.0787464,100.3266171239855,0.01653962,33.82245913412414
12,1.0788994,100.34084657811854,0.016531397,33.82859229595592
13,1.0789477,100.3453386214821,0.016524445,33.87310537083698
14,1.0789433,100.34492940842206,0.016515255,33.83811255137608
15,1.0789938,100.34962605831564,0.016534472,33.80277331399634
16,1.0790927,100.3588240518696,0.016541388,33.71962261111122
17,1.0791383,100.36306498721908,0.016532425,33.72523618272743
18,1.0791379,100.3630277860318,0.016546331,33.7392604033839
19,1.0792229,100.37093303832792,0.016544349,33.75774201916057
20,1.0792434,100.3728395991758,0.01654618,33.71110815571554
21,1.079232,100.37177936533843,0.016544603,33.74568018165139
22,1.0792979,100.37790826094215,0.016553426,33.73872756885698
23,1.0792787,100.3761226039529,0.016544266,33.757628057761785
24,1.0780314,100.26012000172983,0.016548604,33.74346949464294
25,1.0792596,100.37434624726048,0.016558962,33.86954370074355
26,1.0792792,100.37616910543699,0.016574113,33.81250627297305
27,1.0792816,100.37639231256065,0.016573753,33.75696072702697
28,1.0793499,100.382744415288,0.016579108,33.71669807678088
29,1.0793725,100.3848462823691,0.016563989,33.784821640072565
30,1.0793666,100.38429756485677,0.016556514,33.80166013148155
31,1.0794182,100.38909651801538,0.016566956,33.770211840787056
32,1.079448,100.39186800646742,0.016547486,33.73254179067634
33,1.0794551,100.39252832754156,0.016566144,33.725584787214565
34,1.0794472,100.39179360409285,0.016552553,33.776134501828075
35,1.0794848,100.3952905156968,0.016560785,33.7525854087657
36,1.0795194,100.39850841839615,0.016542504,33.74702937135283
37,1.0795679,100.40301906235337,0.016535411,33.81765514453469
38,1.0795426,100.40066608725814,0.016546793,33.86000012903227
39,1.0795244,100.39897343323712,0.016535066,33.80947360477462
40,1.0795215,100.39870372462936,0.016538041,33.86441578385897
41,1.0794741,100.39429538393718,0.016540268,33.83623339724773
42,1.0794564,100.39264923140021,0.016556777,33.85994443474359
43,1.07941,100.3883338936762,0.016566152,33.77862348713401
44,1.0793877,100.38625992748558,0.016569247,33.8249638118182
45,1.079385,100.38600881947146,0.016577512,33.750437232304996
46,1.0793488,100.38264211202299,0.016556321,33.78790021076646
47,1.0793023,100.37831747400216,0.016571078,33.74551347636037
48,1.0793445,100.38224219925978,0.016575783,33.73452906384894
49,1.0793265,100.38056814583238,0.016568739,33.8163831400921
50,1.0794868,100.39547652163319,0.016588176,33.82564538168627
51,1.079664,100.41195664759638,0.016562495,34.053460783856465
52,1.0798512,100.42936680324152,0.016486702,34.40278351711709
53,1.0799131,100.43512368697245,0.016426515,34.60235359082724
54,1.0798471,100.42898549107196,0.016397864,34.68948736306862
55,1.0793748,100.38506018919593,0.016399626,34.52882527019755
56,1.0792863,100.37682942651114,0.016527992,33.96081768083178
57,1.0792454,100.37302560511219,0.016592251,33.87291802404277
58,1.0792495,100.37340691728176,0.016614577,33.82275625666972
59,1.079209,100.36964029707008,0.016612107,33.88025712396687
60,1.0791895,100.36782673919038,0.016613778,33.84514829666356
61,1.0792062,100.36937988875914,0.016609183,33.808021927667205
62,1.0791804,100.36698041217984,0.016605966,33.82045229549549
63,1.0791718,100.36618058665341,0.016595978,33.89601001601419
64,1.0790961,100.35914026196144,0.016600234,33.81440283744295
65,1.0790548,100.3552992393752,0.016610406,33.81142074862885
66,1.0790472,100.35459241681697,0.016603973,33.85557537127358
67,1.0790274,100.35275095804681,0.016623277,33.818621359592235
68,1.0789471,100.34528281970118,0.016604856,33.79140507803994
69,1.078935,100.34415748378609,0.016617615,33.80003293065695
70,1.0788885,100.33983284576526,0.016617499,33.854310462230266
71,1.0788687,100.3379913869951,0.016622078,33.8663614359925
72,1.0787885,100.33053254894628,0.016606566,33.83334987488416
73,1.0788136,100.33286692344785,0.016635785,33.80774545814578
74,1.078759,100.3277889613847,0.016635915,33.80194342597627
75,1.0787454,100.32652412101733,0.016648576,33.80422585326085
76,1.0787166,100.32384563553344,0.016639316,33.843778372693755
77,1.0786921,100.32156706281282,0.016650755,33.83842290360354
78,1.0786561,100.31821895595796,0.016654707,33.833290977313986
79,1.0786458,100.31726102538563,0.016664481,33.774399474405854
80,1.0786494,100.31759583607109,0.016669318,33.834402030825004
81,1.0786008,100.31307589181708,0.016669132,33.828398484162925
82,1.0785756,100.3107322170187,0.016672563,33.873988333028365
83,1.0785092,100.30455681993091,0.016670827,33.850137504139845
84,1.0785187,100.30544034812871,0.016679637,33.84276183684686
85,1.0784715,100.30105060803014,0.016675286,33.900146256983206
86,1.0784341,100.29757229701985,0.016672952,33.92492402825887
87,1.0784183,100.29610285012245,0.016690748,33.82173439562448
88,1.0783663,100.2912666957766,0.016693322,33.81544274340301
89,1.0783623,100.29089468390382,0.016690945,33.82972102650826
90,1.0783238,100.28731406962852,0.016697517,33.814194616079476
91,1.0782973,100.2848494909715,0.0166898,33.85476003539025
92,1.0783015,100.28524010343789,0.016687775,33.834232527651785
93,1.0782938,100.28452398058283,0.016672984,33.84690755305746
94,1.0782624,100.28160368738168,0.016656775,33.922089218891884
95,1.0782219,100.27783706717,0.016674032,33.92626011131061
96,1.0781643,100.27248009620226,0.016687678,33.88087104462656
97,1.0781267,100.26898318459834,0.016688904,33.89223622303482
98,1.0780842,100.26503055845026,0.016686745,33.90151854671602
99,1.0780438,100.26127323853542,0.016686179,33.87763014649686
100,1.0779946,100.25669749250045,0.016688013,33.889986767210054
101,1.0779567,100.25317268000609,0.016686676,33.92088466606339
102,1.0778984,100.24775060696061,0.016692359,33.89067738613856
103,1.0778759,100.24565804017634,0.016699014,33.8935991553749
104,1.0777841,100.23712036769652,0.016697496,33.94268522977944
105,1.0777849,100.23719477007107,0.016708374,33.95724466368506
106,1.077731,100.23218191008564,0.016709395,34.05694415919479
107,1.0777071,100.22995913914592,0.016725956,33.9229567308411
108,1.0776812,100.2275503622698,0.0167302,33.867316281826135
109,1.0777233,100.23146578723059,0.0167238,33.9616320326975
110,1.077687,100.22808977948532,0.016719034,33.87341340764333
111,1.0776334,100.22310482039035,0.016708914,33.948673041181785
112,1.0775777,100.21792455506215,0.016711341,33.92197730809851
113,1.0775195,100.21251178231351,0.016716843,33.904270873972564
114,1.0774959,100.21031691226425,0.01673848,33.89204342547431
115,1.0774465,100.20572256563567,0.016734295,33.94692260697892
116,1.0774043,100.20179784037806,0.016730947,33.9016422676678
117,1.0774233,100.20356489677367,0.016741177,33.86390144301466
118,1.0774266,100.20387180656869,0.016732922,33.91785442032968
119,1.0773957,100.20099801485165,0.016718606,34.01864664397431
120,1.0773815,100.19967737270335,0.016732328,34.00444161861312
121,1.0773319,100.19506442548112,0.016709559,34.045859524545364
122,1.0772151,100.18420167879658,0.01671179,34.021452790441266
123,1.077139,100.17712415291733,0.016723467,34.01010157142859
124,1.0770926,100.17280881519332,0.016730785,33.89087963315219
125,1.0770618,100.16994432377308,0.016740875,33.927515616216226
126,1.0770357,100.16751694630332,0.016739655,33.913905252244106
127,1.0769881,100.16309000501748,0.016744144,33.88122049764368
128,1.0769514,100.15967679608492,0.016747311,33.94494544739241
129,1.0768948,100.1544128280854,0.016748555,34.035917395204216
130,1.0768657,100.15170644171107,0.016740397,34.01019220673951
131,1.0767955,100.14517763334416,0.016749483,34.02442559312844
132,1.0767418,100.14018337395237,0.016763391,33.975780456461976
133,1.0766786,100.13430558636279,0.016766846,34.11897499461396
134,1.0766284,100.12963683735964,0.0167822,33.89529360947273
135,1.0765969,100.12670724386167,0.016787531,33.902978446927435
136,1.0765868,100.12576791388297,0.01678789,33.932422591320154
137,1.0765656,100.12379625095733,0.016779864,33.897928643238394
138,1.0765457,100.12194549189037,0.016767193,34.031008188990924
139,1.0765004,100.11773245743136,0.016771868,33.97012961004568
140,1.0764037,100.10873907040742,0.016767055,34.004595763851036
141,1.0763311,100.10198705491685,0.016770342,34.00402216173756
142,1.0762877,100.09795072609742,0.016784918,33.928163965265156
143,1.0763103,100.10005259317852,0.016791126,33.874387999086686
144,1.0762584,100.09522573912946,0.016774338,33.877993299082505
145,1.0762025,100.09002687320765,0.016774999,33.91111338440368
146,1.0761652,100.08655786249416,0.016796347,33.87379955063297
147,1.0761292,100.08320975563933,0.016797829,33.87041292418765
148,1.0761428,100.08447459600671,0.016792485,33.809472275799024
149,1.0761305,100.08333065949799,0.016785644,33.78925487909096
150,1.0760093,100.0720586997534,0.016763166,33.898346411172156
151,1.0760185,100.07291432706073,0.016767813,33.93143776211858
152,1.0759965,100.07086826176057,0.016773192,33.99158631785063
153,1.0759087,100.0627026011535,0.016757309,34.01591315501794
154,1.0758916,100.06111225039747,0.016769141,34.05842902941169
155,1.0758206,100.05450903965598,0.016778819,34.00587375248421
156,1.0757806,100.0507889209284,0.016777627,34.03852802573522
157,1.0756987,100.04317197783365,0.01679071,34.037215955816045
158,1.0756593,100.03950766088701,0.016797086,33.97924850408727
159,1.075608,100.03473660861883,0.016803743,34.031585158233675
160,1.075592,100.03324856112783,0.016800262,34.076798373284646
161,1.0756619,100.03974946860427,0.016786419,34.09254534762349
162,1.0757312,100.04619457429985,0.016747246,34.212969305680865
163,1.0757153,100.04471582710562,0.016703002,34.434389335727104
164,1.0755829,100.03240223411728,0.016673109,34.47635582971012
165,1.075387,100.01418295264895,0.016697239,34.304350719523384
166,1.0751585,99.99293177441756,0.016761594,34.074620111010006
167,1.0751754,99.99450352457998,0.016799349,34.0606421251134
168,1.0752383,100.00035341127914,0.016798569,34.00063075462965
169,1.0753632,100.01196948200601,0.016785605,34.158677936151165
170,1.0754384,100.01896330521387,0.0167174,34.31922845825769
171,1.0754471,100.01977243103714,0.016671309,34.483878145852294
172,1.0742023,99.90400233623456,0.01665478,34.507157706927195
173,1.0753379,100.00961650691083,0.016649991,34.58457458598726
174,1.0752227,99.99890256497535,0.016665908,34.45601757994579
175,1.0751215,99.98949066459456,0.016682019,34.3581934798535
176,1.0749024,99.9691137142642,0.016718958,34.124468851475925
177,1.0748825,99.9672629551972,0.016783357,33.9804425850966
178,1.0746765,99.94810434375012,0.01679185,33.981075019784114
179,1.0747268,99.95278239305007,0.016790109,34.07950770302476
180,1.0744267,99.92487220229633,0.016803222,34.03484072685602
181,1.0743312,99.91599041883421,0.016804542,34.10561570707074
182,1.0743113,99.91413965976723,0.016809769,34.08783899814985
183,1.0744555,99.9275506877802,0.01680474,34.10945154503679
184,1.0744239,99.92461179398539,0.016832875,34.112761857933606
185,1.0743871,99.92118928475603,0.016814535,34.026136879341806
186,1.074356,99.91829689244533,0.016824517,34.12277607518116
187,1.0743685,99.91945942954769,0.016828028,34.119510075660905
188,1.0744581,99.92779249549748,0.016809031,34.189230923423395
189,1.0745376,99.93518623146856,0.016773226,34.219168181403745
190,1.0742301,99.90658781875024,0.01671298,34.46344164604188
191,1.0743493,99.91767377255843,0.016704127,34.63086633606561
192,1.0742103,99.90474635998008,0.016709825,34.450576445772
193,1.0740153,99.88661078118307,0.016763462,34.272508564663
194,1.0739274,99.8784358202792,0.016821176,34.13300099640293
195,1.0738825,99.87425998700749,0.016840726,34.132892005357135
196,1.0736978,99.85708233878283,0.016803924,34.33240303768382
197,1.0742853,99.91172158259431,0.01671024,34.544255327102725
198,1.0743867,99.92115208356874,0.016648905,34.771358975274765
199,1.0742307,99.90664362053114,0.016615078,34.88823704972383
200,1.07435,99.91773887463616,0.016593,34.987198559963154
201,1.0739681,99.88222104108453,0.016596656,34.94605676322878
202,1.0741456,99.89872906793819,0.016612392,34.91969878739414
203,1.0738528,99.87149779885225,0.016628092,34.62135649726274
204,1.0736293,99.85071163546183,0.016716197,34.32430982246374
205,1.0736117,99.84907478322171,0.016800191,34.03686062211982
206,1.0735093,99.83955127927906,0.016809022,34.07234941575087
207,1.073419,99.83115311125152,0.016820597,34.04126219927867
208,1.0733424,99.8240290838882,0.016822817,34.07394665031222
209,1.0732898,99.81913712776141,0.01684038,34.043490825311956
210,1.0732356,99.81409636688555,0.016842384,34.102375491418165
211,1.0727783,99.77156610953237,0.016835904,34.115370671519514
212,1.073029,99.79488195365754,0.016846947,34.18061457354306
213,1.0730973,99.80123405638489,0.01684916,34.16097730769234
214,1.0731293,99.80421015136697,0.016827889,34.21788625206981
215,1.073137,99.80492627422204,0.016810454,34.30354573972599
216,1.0731214,99.80347542791827,0.016778968,34.35812172992699
217,1.0728192,99.77536993093135,0.016729057,34.60041387018804
218,1.072888,99.7817685351428,0.016693851,34.81377196241982
219,1.0729082,99.78364719510023,0.016718132,34.56351028172816
220,1.0725137,99.74695752414937,0.016786069,34.25673745563767
221,1.0724531,99.74132154427707,0.016850814,34.19669873627365
222,1.0726321,99.75796907558305,0.016848208,34.156374572744035
223,1.0727345,99.76749257952567,0.016855495,34.19116302780265
224,1.0728283,99.77621625794187,0.016807362,34.35386706076852
225,1.0728689,99.77999217845037,0.016756508,34.48287792698113
226,1.0728501,99.7782437226484,0.016718077,34.557309787689505
227,1.0723734,99.73390920771236,0.016709786,34.646740577578484
228,1.072528,99.74828746659448,0.016714349,34.68850779392823
229,1.0725095,99.74656691168298,0.016715713,34.645270128065384
230,1.0724031,99.73667139586759,0.016732039,34.477590144014385
231,1.0722466,99.7221164313459,0.016789088,34.23430027214615
232,1.0718639,99.68652419541971,0.016859304,34.084822572850705
233,1.0720328,99.70223239674692,0.016852507,34.104510990774784
234,1.0719092,99.69073722987868,0.016857129,34.091421296975376
235,1.0720185,99.70090245430183,0.016856842,34.18344676120767
236,1.0714257,99.64577029475895,0.016862208,34.094814173214246
237,1.0718282,99.68320398945531,0.016876783,34.18559927782971
238,1.0716984,99.67113220418429,0.016893301,34.06417008021875
239,1.0717745,99.67820973006354,0.016884148,34.118241687382394
240,1.0714566,99.64864408647603,0.016894976,34.13044231261423
241,1.071511,99.65370344794555,0.016877333,34.249258352504604
242,1.071422,99.64542618377665,0.016853493,34.38385896783087
243,1.071529,99.65537750137294,0.016834522,34.31816989391143
244,1.0717503,99.67595905823333,0.016811054,34.52719363153073
245,1.0716337,99.66511491214241,0.016751889,34.63253127034362
246,1.0712017,99.62493762988444,0.016753616,34.607345142725656
247,1.0712699,99.631280432315,0.016801944,34.46341799536603
248,1.0712671,99.63102002400406,0.016859982,34.16847277083337
249,1.0711384,99.61905054199804,0.016879482,34.08656193388426
250,1.0713418,99.63796734572782,0.016881786,34.168856603479746
251,1.0711199,99.61732998708653,0.016839705,34.258975127027064
252,1.0710055,99.60669044752562,0.016792659,34.55830864673412
253,1.0709774,99.6040770641195,0.016740646,34.67133668387097
254,1.0712243,99.62703949696554,0.016725939,34.77677496368712
255,1.0712348,99.62801602813154,0.01671466,34.772109424860815
256,1.0713273,99.63661880268909,0.016716314,34.73466284692937
257,1.070843,99.59157746519479,0.016726416,34.62195733363149
258,1.070851,99.5923214889403,0.016745372,34.50807994935539
259,1.0703118,99.54217428849242,0.016824869,34.16878044181818
260,1.0702078,99.53250197980067,0.016863761,34.208479040627914
261,1.0704104,99.55134438115593,0.016862204,34.25326437767452
262,1.0705329,99.56273724475915,0.016852591,34.13475025529958
263,1.070392,99.54963312654122,0.016873542,34.14277766604825
264,1.0700244,99.51544523543468,0.016868426,34.19523444373291
265,1.0698946,99.50337345016365,0.016875232,34.22244766414372
266,1.0703063,99.54166277216736,0.01688149,34.2217101099623
267,1.0701705,99.5290329690872,0.016882533,34.13297716332109
268,1.070137,99.52591736965284,0.016882403,34.19318702201842
269,1.0700889,99.52144392688292,0.016876739,34.25648346472245
270,1.0698223,99.49664933556353,0.016890669,34.331157476702614
271,1.0700811,99.52071850373103,0.016868604,34.41092491141555
272,1.0697021,99.48547037878713,0.016828161,34.48587499550765
273,1.0699766,99.5109996935552,0.016817678,34.51527423765997
274,1.0695803,99.47414261726162,0.016849939,34.28010462803229
275,1.0696813,99.4835359170488,0.01689258,34.23825279944552
276,1.069451,99.46211733347468,0.016878897,34.13545076958528
277,1.0697343,99.48846507436284,0.016903793,34.321773329008415
278,1.0697132,99.48650271173403,0.016882867,34.30643624430266
279,1.0696039,99.4763374873109,0.016847078,34.39802591742286
280,1.0699413,99.50771668877812,0.016805809,34.66969513202248
281,1.0696443,99.48009480722575,0.01675446,34.751649031876276
282,1.0699413,99.50771668877812,0.01673248,34.962964195772145
283,1.0697091,99.48612139956447,0.016707338,34.96770731459655
284,1.0699176,99.505512518432,0.016712017,35.08733832152588
285,1.0696715,99.48262448796054,0.016698774,34.838917087421876
286,1.0694005,99.4574206835811,0.016768591,34.56562135791364
287,1.0692235,99.44095915821154,0.01686761,34.17231805560537
288,1.0692024,99.43899679558272,0.016919462,34.20582894857669
289,1.0686996,99.39223490317693,0.016917476,34.18154291056912
290,1.0687262,99.39470878213076,0.016922887,34.27691932530123
291,1.0686703,99.38950991620897,0.016912811,34.3010772273567
292,1.0688411,99.40539482317577,0.016925359,34.33951989229347
293,1.0686388,99.386580322711,0.016924281,34.319481926511614
294,1.0686775,99.39017953757993,0.016929355,34.290436310535995
295,1.0682563,99.35100668737842,0.016923459,34.27690923643059
296,1.068521,99.37562457305825,0.016927162,34.36436037695849
297,1.068657,99.38827297673204,0.016935293,34.34786749589788
298,1.0686538,99.38797536723385,0.016927717,34.26684219069342
299,1.0681267,99.33895350270105,0.016906464,34.351943494845365
300,1.0681928,99.34510099889837,0.016910302,34.30338154201294
301,1.0683926,99.36368299194267,0.016898012,34.35310975489283
302,1.0681198,99.33831178222053,0.016896876,34.34872327511316
303,1.0682564,99.35101598767525,0.016892087,34.25096489690727
304,1.0680767,99.33430335429154,0.016881203,34.37696843807769
305,1.0675651,99.28672303576566,0.016923172,34.38298214031812
306,1.0681046,99.33689813710404,0.016897649,34.45283971441946
307,1.0679941,99.32662130911906,0.016882548,34.50221241917811
308,1.0679127,99.31905086750842,0.016843637,34.57149301565374
309,1.0680978,99.33626571692035,0.016825255,34.6384495619758
310,1.0675571,99.28597901202015,0.016828399,34.65047978099545
311,1.0677485,99.30377978013168,0.016810874,34.68823493072016
312,1.067373,99.26885716557642,0.016830128,34.586974888176016
313,1.0676345,99.29317744175805,0.016816696,34.55303470370372
314,1.0676286,99.29262872424573,0.016903095,34.255869268224366
315,1.0672448,99.25693418505452,0.016910899,34.189900988138675
316,1.0671808,99.25098199509037,0.01691483,34.2925416513761
317,1.0673859,99.27005690386609,0.016915258,34.29252366945996
318,1.0672925,99.26137042663716,0.01690471,34.25655630599076
319,1.0672297,99.25552984023483,0.016927963,34.28933556894975
320,1.0670053,99.23465997417306,0.016925218,34.32367376657328
321,1.0669096,99.2257595901173,0.016924059,34.33633436891393
322,1.0671104,99.2444345861298,0.016926119,34.457911714807985
323,1.0668203,99.21745442505797,0.016935023,34.41199766545123
324,1.0669079,99.22560148507138,0.016943224,34.41818378019977
325,1.0664445,99.18250390961227,0.016936891,34.63869529890315
326,1.0673741,99.26895946884144,0.016764123,35.32503180207353
327,1.0673872,99.27017780772472,0.016623812,35.76245679400744
328,1.0675319,99.28363533722178,0.016556622,35.91977851482492
329,1.0671718,99.25014496837665,0.0165656,35.81930644862383
330,1.0673971,99.27109853710981,0.016603727,35.710997963687134
331,1.0670847,99.24204440984734,0.01660377,35.66361809794781
332,1.0672852,99.26069150496937,0.016596803,35.88257830698536
333,1.0671048,99.24391376950796,0.016525213,36.14463774416432
334,1.0676986,99.299138932019,0.016432125,36.634704893457936
335,1.0677325,99.30229173264064,0.016362263,36.876065889792244
336,1.0680313,99.33008101953573,0.016281802,37.12777218256875
337,1.0675687,99.28705784645116,0.016244786,37.36165834932135
338,1.067926,99.32028780698533,0.016206663,37.50864008325537
339,1.0674419,99.2752650700847,0.016197763,37.51197844464453
340,1.0673946,99.27086602968934,0.016204692,37.328632825381554
341,1.0672836,99.26054270022028,0.016266095,37.01782825429867
342,1.0667577,99.21163243924929,0.016385246,36.56102980926435
343,1.0659978,99.14095948372193,0.01647043,36.208723005509675
344,1.0664068,99.17899769771151,0.016548414,36.01500228920193
345,1.0665169,99.18923732450922,0.016575456,35.788369224358945
346,1.065812,99.12367953223226,0.01659793,35.6796192158471
347,1.0662003,99.15979258478033,0.016614554,35.7325695548266
348,1.0660529,99.14608394726918,0.016613711,35.714118359641205
349,1.0658903,99.13096166464152,0.016623208,35.784400586142404
350,1.0655265,99.0971271848141,0.016626243,35.79943531493212
351,1.0658079,99.12329822006268,0.016616702,35.86483072985343
352,1.0652775,99.07396944573486,0.016622018,35.903800610389624
353,1.0656949,99.11278888465725,0.016625788,35.91452490592661
354,1.0657223,99.11533716598564,0.016598484,36.02371074883288
355,1.0653746,99.08300003394606,0.01656336,35.98734879738558
356,1.0657669,99.11948509836691,0.016568804,36.06858382555974
357,1.0651037,99.05780552986349,0.016599623,35.78443579052822
358,1.0651398,99.06116293701514,0.016630303,35.746759913998225
359,1.0650587,99.05362039629495,0.016649352,35.760363287581676
360,1.065176,99.06452964446359,0.016658092,35.83771608234217
361,1.0659198,99.13370525220311,0.016579412,36.13056352319107
362,1.0655549,99.09976846911069,0.016503859,36.357475439742366
363,1.0656135,99.10521844304661,0.016445909,36.665177820370374
364,1.065604,99.1043349148488,0.016408863,36.83398133239965
365,1.0660353,99.14444709502904,0.016371116,36.979836634862345
366,1.0649083,99.03963274987919,0.016339444,37.016145022202465
367,1.0651826,99.06514346405363,0.016322779,37.249345626213696
368,1.0649748,99.04581744726383,0.016318999,36.97751928844322
369,1.0648073,99.03023945009204,0.016389053,36.757060121658895
370,1.064638,99.01449404757751,0.01648655,36.385666507575785
371,1.0648518,99.03437808217649,0.016532663,36.082182884615264
372,1.0641928,98.97308912613946,0.016597152,35.909975929293
373,1.0645819,99.0092765810621,0.016619252,35.86451497126963
374,1.0642503,98.97843679681037,0.016636904,35.68405092385321
375,1.0640424,98.95910147972371,0.016644808,35.74268902767526
376,1.0641905,98.97287521931261,0.016646557,35.85390750504128
377,1.0636176,98.91959381883672,0.016646899,35.82352934770645
378,1.0638254,98.93891983562655,0.016628975,36.00179082442748
379,1.0633976,98.89913316583498,0.016616622,36.0231300393258
380,1.063495,98.90819165493666,0.016612219,36.19949977102799
381,1.0640949,98.96398413555367,0.016604384,36.17798782126052
382,1.0626998,98.83423569463218,0.016564878,36.20839521611377
383,1.0637351,98.93052166759901,0.016532999,36.33487960652758
384,1.0632648,98.8867823716594,0.01655579,36.303968432234505
385,1.0635589,98.914134544604,0.016578658,36.12517359021105
386,1.0632964,98.88972126545418,0.016625507,35.84016835261712
387,1.0632875,98.88889353903728,0.016648844,35.89909041752091
388,1.0632815,98.88833552122816,0.016657639,36.02760427432809
389,1.0634371,98.90280678307847,0.016593721,36.241152616477216
390,1.0636631,98.92382545388936,0.016511897,36.565459463345825
391,1.0634638,98.90528996232915,0.016435841,36.79815052214024
392,1.0637691,98.93368376851747,0.016381368,37.02597996153842
393,1.0635848,98.9165433214801,0.016371299,37.11747636158187
394,1.0632766,98.88787980668403,0.016336728,37.289612888151694
395,1.0635487,98.91318591432844,0.01635628,37.25023696860579
396,1.0629394,98.85651920581046,0.016328698,36.99091499361306
397,1.0626084,98.82573522333965,0.016412463,36.75262531958763
398,1.0625678,98.82195930283115,0.016497388,36.37947896292766
399,1.0624758,98.8134030297577,0.016571544,36.17410768929263
400,1.0623345,98.80026171035247,0.016616601,36.01856735450238
401,1.0620457,98.7734024531393,0.016642131,35.942863569418414
402,1.0622933,98.79642998806307,0.016665643,35.814208886385
403,1.0617355,98.74455293240683,0.016665541,35.83774508210328
404,1.0619489,98.76439976581851,0.016677812,35.95813600645764
405,1.0619335,98.7629675201084,0.016669281,35.94820171441766
406,1.06159,98.73102100053522,0.016673801,35.99997570722432
407,1.0619072,98.76052154204501,0.01664491,36.175293796384395
408,1.0614341,98.71652183779445,0.016637944,36.23493078385889
409,1.0619071,98.76051224174819,0.016608946,36.40124264154585
410,1.0617987,98.75043071999642,0.016564332,36.530996533834774
411,1.0613245,98.70632871248085,0.01652748,36.61809073805154
412,1.0615608,98.7283053138641,0.016552189,36.52536142911508
413,1.0609953,98.6757121353528,0.016592043,36.25946559065925
414,1.0612022,98.69495444947125,0.016632533,36.07501261704121
415,1.0612211,98.69671220557004,0.016673589,35.97555660056387
416,1.0613873,98.71216929888317,0.016681189,36.074561214752556
417,1.0613488,98.70858868460786,0.016613258,36.31498864788726
418,1.0613067,98.70467325964708,0.016540714,36.67000910580517
419,1.061265,98.70079503587355,0.016479056,36.94371462949309
420,1.0613542,98.70909090063608,0.016434463,37.10996465094348
421,1.0612007,98.69481494501898,0.01640325,37.21938604255318
422,1.0616174,98.73356928186364,0.016391601,37.2279685745284
423,1.0611279,98.68804432893475,0.016393503,37.15616549592021
424,1.0609702,98.67337776085124,0.016395269,36.98701229080666
425,1.060532,98.63262386019049,0.016455414,36.66649197838344
426,1.060339,98.61467428732986,0.016551035,36.41107624450829
427,1.0602294,98.60448116201628,0.016607346,36.14899297748595
428,1.0601498,98.59707812574838,0.016664995,35.97827683819378
429,1.0597323,98.55824938652917,0.016692607,35.90707375231897
430,1.0600733,98.58996339868186,0.016696976,35.96627728851545
431,1.0596335,98.54906069327201,0.016701814,35.88765451789072
432,1.0596927,98.55456646898885,0.016699113,35.938066695774566
433,1.05911,98.5003736394247,0.016702509,35.95350638197017
434,1.0594623,98.53313858511794,0.016684718,36.099910887189345
435,1.0594201,98.52921385986033,0.016692501,36.08218086015329
436,1.0592837,98.51652825499924,0.016684873,36.240471560368654
437,1.0597581,98.56064886310845,0.016669793,36.258587612167226
438,1.0598553,98.5696887516165,0.016628755,36.410680149489345
439,1.059399,98.52725149723153,0.016585503,36.474849282385804
440,1.0591449,98.50361944301451,0.016622882,36.374430437792256
441,1.0590105,98.49111984408982,0.016656542,36.12848006163765
442,1.0593703,98.52458231204449,0.016687742,36.04973190583809
443,1.0590355,98.49344491829456,0.016702285,35.92949423818347
444,1.0592294,98.51147819382655,0.016719641,36.121246384615304
445,1.0590123,98.49128724943256,0.016671283,36.24199393333335
446,1.0591398,98.50314512787676,0.016610861,36.513152725417456
447,1.0593113,98.5190951369213,0.016579492,36.68021234550568
448,1.058676,98.46001035123034,0.016543342,36.79202521570483
449,1.059043,98.49414244055598,0.016522612,36.988428394112184
450,1.058972,98.48753922981452,0.016509684,36.89984300744892
451,1.0588114,98.47260295312323,0.016495848,36.98103198116757
452,1.0587028,98.46250283077784,0.016491327,36.852213428301916
453,1.0584757,98.44138185670195,0.016526194,36.60871604059051
454,1.0584266,98.43681541096383,0.016609292,36.34277214339263
455,1.0578609,98.38420363185891,0.01665921,36.10811543215618
456,1.0579098,98.38875147700338,0.016696626,36.03958331805159
457,1.0576942,98.36870003706167,0.016725462,35.93551096282516
458,1.057452,98.34617471816613,0.016727256,35.95697556513413
459,1.0575964,98.35960434677273,0.016734878,36.08028109184631
460,1.057632,98.36291525244026,0.016741382,35.9783610959925
461,1.0573587,98.33749754123401,0.016733767,35.95686145817839
462,1.0571864,98.32147312981493,0.016745366,36.00018379626167
463,1.0572579,98.32812284204049,0.016752226,35.9735134289746
464,1.0567838,98.28403013482175,0.016767303,35.98162354713496
465,1.0568979,98.2946417734922,0.016761316,35.99037350278304
466,1.0567961,98.28517407133047,0.016767377,35.987887149308804
467,1.0566589,98.27241406409485,0.016774219,35.87648793791779
468,1.0566916,98.27545526115465,0.016770596,35.881423199244516
469,1.0567065,98.27684100538067,0.016789649,35.797356757156045
470,1.0561078,98.22116012832548,0.016786849,35.75653899999991
471,1.0558958,98.20144349906927,0.016794689,35.854085762172325
472,1.0563357,98.24235550477593,0.016798049,36.124278246138985
473,1.0568038,98.28589019418553,0.016721917,36.294123664788565
474,1.0557103,98.18419144847009,0.016627735,36.76541799142858
475,1.0572654,98.3288203643019,0.016532015,37.015180368421
476,1.0564244,98.25060486805435,0.016459905,37.36722615363635
477,1.0566877,98.2750925495787,0.016404392,37.68769374928773
478,1.0563956,98.24792638257051,0.016373353,37.77030955397717
479,1.0563273,98.24157427984312,0.016354607,37.85617959756103
480,1.0563347,98.24226250180774,0.01634058,37.69165555734604
481,1.056054,98.21615656863688,0.016409485,37.31492148243103
482,1.0553296,98.14878521848026,0.016524531,36.90010030552946
483,1.0550345,98.12134004256747,0.016632328,36.56008370754716
484,1.0549012,98.10894274690776,0.016691562,36.326778187619084
485,1.055048,98.12259558263801,0.016739272,36.22642061992256
486,1.0548266,98.1020047254808,0.016750105,36.11181067459558
487,1.0536039,97.98828999627521,0.016749619,36.11428713431377
488,1.0532885,97.95895686010819,0.017159922,34.82461205550337
489,1.0522412,97.8615548515231,0.017253879,33.96619779411768
490,1.0523109,97.8680371584059,0.017672731,31.863340095372923
491,1.0525496,97.89023696691281,0.018173415,32.00090244981748
492,1.0535722,97.98534180218361,0.017265141,33.878172738326974
493,1.0529702,97.9293540153334,0.017277189,34.42423770287839
494,1.0530088,97.93294392990552,0.017141426,34.613778739336496
495,1.0529319,97.92579200165171,0.017189253,34.52463941314549
496,1.05299,97.93119547410356,0.017198009,34.54656160744985
497,1.0526109,97.8959380488628,0.017167963,34.596296665725035
498,1.0527877,97.91238097363878,0.017163694,34.75480615259116
499,1.0523676,97.87331042670225,0.017164381,34.615733163919366
500,1.0521708,97.85500744256252,0.017173266,34.661355194707
501,1.0525141,97.88693536154206,0.017178448,34.77318455638388
502,1.0521377,97.85192904431544,0.017145032,34.797466688311665
503,1.0523634,97.87291981423586,0.01708718,35.035048756143624
504,1.0525608,97.89127860015651,0.017030718,35.244003659259285
505,1.051223,97.7668592293123,0.017013501,35.30607582881196
506,1.0525856,97.89358507376762,0.01699492,35.41047054875712
507,1.0521063,97.84900875111427,0.016980972,35.51125485076037
508,1.0522116,97.85880196366466,0.01695312,35.52120138243905
509,1.0519098,97.830733667865,0.016970744,35.34118501394055
510,1.0515634,97.79851743968409,0.017061891,35.00271817877633
511,1.0510664,97.75229496449379,0.017163383,34.68507183223366
512,1.0511334,97.7585261633625,0.017214898,34.58681834160313
513,1.0512164,97.76624540972225,0.017236618,34.46520305452863
514,1.050411,97.69134081914224,0.017236434,34.47076057305505
515,1.0508049,97.72797468831216,0.017235931,34.587461247582226
516,1.0505403,97.70336610292917,0.017229637,34.45844075370362
517,1.0502561,97.67693465936964,0.017250465,34.574230590733485
518,1.0503407,97.68480271047851,0.017254284,34.65426396142724
519,1.0502312,97.67461888546173,0.017249493,34.62472430599082
520,1.0501955,97.67129867949735,0.017242666,34.749836083414145
521,1.0503067,97.68164060956003,0.017232161,34.74851699142854
522,1.0497916,97.63373478064553,0.01722282,34.71052730286239
523,1.0498711,97.6411285166166,0.01719681,34.83856173156895
524,1.049535,97.60987021900804,0.017185111,34.82267158270672
525,1.0496862,97.62393226779832,0.017220251,34.70716888101979
526,1.0489336,97.55393823393874,0.017207371,34.754170923512724
527,1.049105,97.56987894268644,0.01721549,34.87448287476102
528,1.0488175,97.5431405893319,0.017211745,34.80034509461975
529,1.0492752,97.58570804787234,0.017227009,34.843981537807146
530,1.0488834,97.5492694849356,0.017203696,34.8025753152479
531,1.0487362,97.53557944801807,0.017163984,35.005526478991634
532,1.0484189,97.50606960621147,0.017115684,35.19505081931166
533,1.0487082,97.53297536490876,0.017099964,35.27093671589843
534,1.0482165,97.48724580544989,0.017087517,35.26619125722277
535,1.0481914,97.48491143094832,0.017093878,35.29528218683444
536,1.0468765,97.36262182807563,0.017116092,35.234292409760535
537,1.0479004,97.4578475672051,0.017125707,34.93511581050657
538,1.0476032,97.43020708505911,0.017201461,34.67994221189597
539,1.0476083,97.43068140019689,0.017252794,34.546983371212136
540,1.0469893,97.37311256288743,0.01724557,34.65986652798504
541,1.0466244,97.339175779795,0.017269526,34.685377466666715
542,1.0467807,97.35371214372306,0.017263278,34.72883436450382
543,1.046593,97.33625548659386,0.01726432,34.64013051556421
544,1.0467559,97.35140567011194,0.017274076,34.657087956689125
545,1.0464476,97.32273285501907,0.017282026,34.67009189053798
546,1.0463243,97.31126558904126,0.017299147,34.639724949295804
547,1.0464133,97.31954285321015,0.01730446,34.695940251180375
548,1.0458111,97.26353646576631,0.017313173,34.716527113594
549,1.0456111,97.24493587212835,0.017316712,34.80038812547524
550,1.0457227,97.25531500337833,0.01732141,34.73080566410743
551,1.0459083,97.27257635427435,0.01729279,34.74971324591741
552,1.045119,97.19916911148218,0.017257307,34.8072791931818
553,1.0450845,97.19596050907964,0.017275117,34.81675606994327
554,1.044861,97.17517434568924,0.017315069,34.73213252540748
555,1.0446836,97.15867561913237,0.017295681,34.77745262072335
556,1.0445431,97.14560870210173,0.017309381,34.83575698858228
557,1.0446664,97.15707596807952,0.01730456,34.86706149810251
558,1.044232,97.1166754786979,0.01730849,34.89448258508601
559,1.044934,97.18196356236709,0.017231066,35.17107483980584
560,1.0445738,97.14846389322514,0.017154964,35.32656330992503
561,1.0450829,97.19581170433052,0.017090186,35.51467188826296
562,1.0443143,97.1243296229799,0.01706839,35.60486642565062
563,1.0440258,97.09749826665717,0.017054614,35.72125289357621
564,1.0438018,97.07666560178268,0.017043181,35.81369138387722
565,1.0438894,97.08481266179611,0.01704298,35.75292814421256
566,1.0433636,97.03591170112192,0.017077735,35.60512858962269
567,1.041651,96.87663481780021,0.01719312,35.20337587631839
568,1.0429664,96.99897092215699,0.017315134,34.862890949465594
569,1.0425485,96.96010498175049,0.017318849,34.76693692715227
570,1.0423795,96.94438748012642,0.017344734,34.755160664442364
571,1.041573,96.86938058628141,0.017351985,34.81668228722378
572,1.0413795,96.85138451193667,0.017361036,34.78712921574341
573,1.041768,96.88751616507841,0.017369565,34.772317945841436
574,1.0413918,96.85252844844541,0.017376747,34.6795574446565
575,1.0412697,96.84117278602945,0.017374232,34.70602804523108
576,1.0413256,96.84637165195126,0.017387327,34.70464360491492
577,1.0408136,96.7987541322381,0.01739846,34.68595303889944
578,1.0406954,96.7877611813981,0.017398328,34.75177463854267
579,1.0404522,96.76514285953436,0.017398201,34.7538199971483
580,1.0404379,96.76381291708923,0.017391274,34.74102839113683
581,1.0400996,96.73235001295065,0.017381815,34.77082152231723
582,1.040036,96.72643502417378,0.017401863,34.71488218408438
583,1.0392838,96.65647819150148,0.017380981,34.81514560717665
584,1.0390973,96.63913313793408,0.017368332,34.97135752969812
585,1.0393409,96.66178866098511,0.017365068,35.04046856109477
586,1.0395036,96.67692024390956,0.017375696,34.925786865513885
587,1.0390356,96.63339485479679,0.017378606,34.85047624336688
588,1.0386118,96.59398019687796,0.01730494,35.15607568471036
589,1.0383465,96.56930650941725,0.017258439,35.36485094756913
590,1.0383956,96.57387295515537,0.017214557,35.50455727290262
591,1.0385152,96.58499611015084,0.017204836,35.496218508670445
592,1.0382419,96.5595783989446,0.017217085,35.45380721698107
593,1.0374179,96.48294395315624,0.017218817,35.3973727025193
594,1.0375259,96.49298827372074,0.017237484,35.39889141078422
595,1.0370954,96.45295049591506,0.017299788,35.149356324687865
596,1.0364908,96.39672090134755,0.0174092,34.91931794547217
597,1.0362263,96.37212161626138,0.017399557,34.98019193140094
598,1.0357913,96.33166532509885,0.017401831,34.907108568513095
599,1.0358559,96.3376733168439,0.017411124,34.96366837524561
600,1.0356332,96.31696155582804,0.01741837,34.9160371466667
601,1.0355822,96.31221840445036,0.017429601,34.9379945510204
602,1.0352383,96.28023468368993,0.017412255,34.96593670952381
603,1.0347283,96.23280316991315,0.017418938,34.97115087858515
604,1.0343115,96.19403953277168,0.017433424,34.9452871888246
605,1.0341332,96.17745710354346,0.017436128,35.002068809569295
606,1.0342745,96.19059842294865,0.017443627,34.924709023764244
607,1.0339205,96.1576753722095,0.017453294,34.92683933752412
608,1.0334291,96.11197371364106,0.017460337,34.84149185400768
609,1.0332212,96.09263839655442,0.017478783,34.824204401717616
610,1.0323797,96.01437639882275,0.017478935,34.866343891812996
611,1.0326906,96.04329102163295,0.017466102,35.00089033812265
612,1.0326002,96.0348835533086,0.017462082,34.98960275670497
613,1.0317751,95.95814680425524,0.017462686,34.95132482791585
614,1.0319854,95.97770532846555,0.017456235,35.0299444913128
615,1.0314872,95.93137124971342,0.01749594,34.84868591800191
616,1.0315325,95.93558428417242,0.017508546,34.88230301550389
617,1.0308928,95.87609028542144,0.017506611,34.79898992582157
618,1.0306921,95.85742458970577,0.017487114,34.9690875322101
619,1.0305319,95.84252551420177,0.01747562,34.94427307662831
620,1.0301737,95.8092118509962,0.017481355,34.8716249755639
621,1.0300333,95.79615423426237,0.017506249,34.79678072521242
622,1.0293462,95.73225189481921,0.017532876,34.732249229615825
623,1.0293802,95.73541399573767,0.01752813,34.81669131280078
624,1.028895,95.690288955572,0.017506333,34.82931323345937
625,1.0283911,95.6434247599012,0.017514365,34.868712057142815
626,1.0278414,95.59230102828731,0.0175163,34.90558054832539
627,1.0276544,95.57490947323583,0.017520277,34.91059736887618
628,1.0272706,95.53921493404461,0.01751986,34.9526989562256
629,1.0265927,95.47616822190878,0.017524101,34.90521581687436
630,1.0253599,95.36151416272449,0.017535029,35.0817887206596
631,1.0262033,95.43995286609571,0.017532043,34.99475646944714
632,1.0257231,95.395292840771,0.017545627,34.940302016981086
633,1.0250561,95.33325986098846,0.017552918,34.95580178125006
634,1.0251204,95.33923995184306,0.017564271,35.024186166996074
635,1.0247653,95.30621459783889,0.017582318,34.988289827454764
636,1.0241263,95.24678570116565,0.01758844,34.939783609970625
637,1.0240482,95.23952216935002,0.017582819,35.05264892639837
638,1.0236888,95.20609690258264,0.017587926,34.94320252796857
639,1.0232462,95.16493378886186,0.017581912,34.90798504606523
640,1.0224547,95.09132193953968,0.01759582,34.88222574264012
641,1.022645,95.1090204043862,0.01758717,35.1464023769685
642,1.0219412,95.04356491537428,0.017577935,35.039186123287735
643,1.0217011,95.02123490271191,0.017585296,35.08220110808179
644,1.0213236,94.9861262822203,0.017599789,35.06182164285716
645,1.0210687,94.96241982562873,0.017608427,34.98281806083649
646,1.0207925,94.93673240581472,0.017584993,35.07241970348832
647,1.0198747,94.85137428161018,0.017536698,35.15848799013818
648,1.0193735,94.8047611939535,0.017530166,35.29922985149464
649,1.0193359,94.80126428234956,0.017536873,35.30854672154471
650,1.0189134,94.7619705282894,0.017546155,35.121467001956944
651,1.0185862,94.73153995709774,0.017574746,35.06804849754173
652,1.0177902,94.65750959441871,0.017595405,34.898103916097526
653,1.0175548,94.63561669570684,0.017633896,34.8882356823069
654,1.0169151,94.57612269695586,0.017620346,34.977667034280174
655,1.0164262,94.5306535458079,0.017608153,35.04499719070668
656,1.0160447,94.49517291344351,0.017627001,35.1113293590001
657,1.0155805,94.45200093560985,0.017607424,35.119514590325835
658,1.0148183,94.38111407325563,0.017617397,35.139151386032985
659,1.0146352,94.3640852297801,0.017628642,35.15524100492123
660,1.0140604,94.31062712366463,0.01763968,35.110097596439175
661,1.0136927,94.27642993226128,0.017631322,35.18933561638366
662,1.013298,94.2397216607168,0.017640844,35.18405071289061
663,1.0127088,94.18492431185939,0.017639069,35.16266757569727
664,1.0120692,94.12543961340525,0.017650183,35.2418071771653
665,1.0120116,94.12008264243752,0.017658835,35.29474456268516
666,1.0110239,94.02822361075653,0.017672349,35.080175327130284
667,1.0108253,94.00975322127405,0.017689716,35.13189572896288
668,1.0103784,93.96819019479005,0.017688166,35.054145765276445
669,1.0097805,93.91258372010942,0.017683212,35.23404717302056
670,1.0095204,93.88839364808327,0.017656971,35.36227528783381
671,1.0089267,93.83317778586903,0.017654829,35.3134651304348
672,1.0081053,93.75678514779798,0.01766951,35.32737331972786
673,1.0079335,93.740807237863,0.017670285,35.270299686626686
674,1.0072528,93.67750011741624,0.01771488,35.04692724019135
675,1.0066485,93.62129842373919,0.017722441,35.11225164062504
676,1.0061194,93.57209055327,0.017708074,35.14833342772274
677,1.0055112,93.515526148017,0.017686576,35.22094556250004
678,1.0051433,93.48131035602,0.01769042,35.250557885946975
679,1.0042778,93.4008162870518,0.017693821,35.252274249258164
680,1.0037631,93.35294765932454,0.017705794,35.222641804326415
681,1.0031589,93.29675526594431,0.017727016,35.22999593912173
682,1.0026982,93.2539087984993,0.017740449,35.00920171726188
683,1.0020615,93.19469380865289,0.017747335,35.07406427761196
684,1.0012727,93.12133306734482,0.017737988,35.194878800000005
685,1.0009329,93.08973065875396,0.017731853,35.310909494959695
686,1.0001841,93.0200900361735,0.017740956,35.242870632309284
687,0.99965435,92.97082171377498,0.017752651,35.36569864099991
688,0.99918187,92.9268796713647,0.017743492,35.35730503521131
689,0.99855024,92.86813620656703,0.01775796,35.327843819348494
690,0.9979561,92.81287942304678,0.01775879,35.320246430430444
691,0.99694133,92.71850280101688,0.017769136,35.30691200498505
692,0.99667501,92.6937342505286,0.017773183,35.34427020669289
693,0.99588752,92.62049534310887,0.017779563,35.310729206054724
694,0.99541396,92.57645285749294,0.017788546,35.348734720192326
695,0.99359959,92.40771106209854,0.017794587,35.403093736015755
696,0.99419796,92.46336124817424,0.017782841,35.387044164846145
697,0.99364072,92.41153627418018,0.017800309,35.35841029224653
698,0.99311543,92.3626827450198,0.017798718,35.412690306243775
699,0.99274635,92.32835720952033,0.01779699,35.32003117641231
700,0.99229676,92.28654400505192,0.017788533,35.321942458541415
701,0.99148548,92.21109255701894,0.0177959,35.235096689215624
702,0.99108809,92.17413410749003,0.017806169,35.33976563241107
703,0.99033016,92.10364436780999,0.017816577,35.37548485770742
704,0.98943812,92.02068200006602,0.017850433,35.29262919838061
705,0.98937494,92.0148060725358,0.017884986,35.187901968316815
706,0.98862147,91.94473112609388,0.017866526,35.136408025096486
707,0.98794103,91.88144818641885,0.017857175,35.26892955667007
708,0.98732263,91.82393515089034,0.017825199,35.405165121301714
709,0.98654586,91.7516932352896,0.017812666,35.4769566762092
710,0.98570675,91.6736535146519,0.01780531,35.53661976004021
711,0.98550272,91.65467811905216,0.017804451,35.63976782982988
712,0.9849394,91.60228768701153,0.017789852,35.42509411167
713,0.98396415,91.51158654228449,0.017848533,35.31994452225519
714,0.98331839,91.45152894554629,0.017871598,35.35194066666668
715,0.98266065,91.39035717324919,0.017896697,35.30059940000007
716,0.98192585,91.32201859222336,0.017878298,35.38649327309236
717,0.98155707,91.28772095761435,0.01789454,35.43622247230618
718,0.98088092,91.22483700067288,0.017891869,35.4339374577954
719,0.9801203,91.1540970830084,0.017906507,35.37815187653067
720,0.98001081,91.1439141880213,0.017919529,35.402360163244325
721,0.97935724,91.08313023810155,0.01788884,35.4356703667992
722,0.97847933,91.00148200229809,0.017821239,35.710679213995846
723,0.97780758,90.93900725841665,0.017776016,36.01731420061104
724,0.97752249,90.91249304221543,0.017753892,36.185937167528465
725,0.9768424,90.84924265357928,0.017722942,36.158828055780916
726,0.97637105,90.80540570452305,0.017711725,36.30806054002027
727,0.97557998,90.7318338464772,0.017707633,36.28523275199192
728,0.97499067,90.6770262672933,0.017705068,36.32314961538465
729,0.974509,90.63222952760536,0.017701011,36.341821627206656
730,0.97362965,90.55044736752774,0.017712744,36.33426888945229
731,0.97308511,90.49980353122969,0.017715259,36.31560355161622
732,0.9725306,90.44823245533881,0.017756281,36.25436349896479
733,0.97184181,90.38417294087941,0.017772542,36.13160323668034
734,0.97123289,90.32754157348931,0.017794861,36.273407557731986
735,0.97074848,90.28249000566852,0.017756797,36.58669530371901
736,0.9701634,90.22807582904008,0.017681634,36.840187324570245
737,0.96980757,90.19498258286912,0.017565522,37.34590065534964
738,0.96956837,90.17273627287814,0.017479934,37.63927694969204
739,0.96892887,90.11326087472081,0.01740914,37.84113810050766
740,0.96828151,90.0530544732335,0.017369246,38.09617196292483
741,0.96776962,90.00544718384687,0.017335698,38.21997216238434
742,0.96698916,89.93286208729351,0.017315282,38.29201830186711
743,0.96650505,89.88783842036318,0.01730758,38.240534823828845
744,0.96571183,89.81406660593572,0.017355254,38.05029959707726
745,0.96496516,89.7446240796775,0.01745877,37.61254849279831
746,0.9642759,89.68052085382304,0.017598627,37.15988231354162
747,0.96323717,89.58391588067532,0.017716881,36.66097590707064
748,0.96248877,89.51431245928212,0.017824957,36.35991841795666
749,0.96196067,89.46519759178113,0.017899727,36.13503730280951
750,0.9612906,89.40287909288625,0.017955774,35.940288215447175
751,0.96055365,89.33434055547882,0.017999312,35.745480298105626
752,0.95997584,89.28060251042912,0.018037433,35.7585180357143
753,0.95934808,89.22221896711832,0.018044364,35.669724797188806
754,0.95859712,89.15237745812657,0.018053895,35.659756333673364
755,0.95794892,89.09209293414598,0.018069873,35.719861894409945
756,0.95744818,89.04552262785465,0.018076656,35.81675364864865
757,0.95685154,88.99003333691394,0.018077269,35.84105478512402
758,0.95618719,88.9282468149971,0.018077277,35.82609090955291
759,0.95549983,88.8643202947822,0.018097335,35.77239598893358
760,0.95488739,88.80736155694409,0.018111479,35.8024126757575
761,0.95431089,88.7537453457827,0.018119713,35.79695731882595
762,0.9535374,88.68180847991762,0.018100563,35.78748319898472
763,0.95311302,88.64233988027726,0.018091965,35.95501358144325
764,0.9524374,88.57950521490892,0.018082324,35.97018161889928
765,0.95186996,88.52673161063935,0.018079398,36.097579269151126
766,0.95074409,88.42202235884358,0.018075295,36.12636705561275
767,0.95073652,88.42131832637438,0.018019164,36.57325437500005
768,0.94999826,88.35265795507863,0.01794105,36.69900286625516
769,0.94978762,88.33306780985914,0.017883845,37.0012156798337
770,0.94881308,88.24243269723952,0.017844092,37.07679423505564
771,0.94830823,88.19548014874894,0.017817851,37.36657131458328
772,0.94775289,88.14383188039446,0.017805636,37.35502133402489
773,0.94724935,88.0970011657922,0.017804513,37.371144461059096
774,0.94612676,87.99259696373208,0.017805044,37.36287616632867
775,0.94564599,87.94788392671552,0.017816287,37.26939361122442
776,0.94497967,87.88591418895135,0.017879177,36.91624302448977
777,0.94415444,87.80916534951213,0.018000569,36.58739161577359
778,0.94332093,87.7316464454963,0.018093184,36.29876019668739
779,0.94292265,87.6946052233257,0.018180858,36.00773840104704
780,0.94215882,87.62356676613334,0.018226381,35.825319269857445
781,0.94111907,87.52686692995806,0.01826182,35.75066024120607
782,0.94049156,87.46850663738932,0.018296735,35.76460881584368
783,0.94020581,87.44193103922912,0.018318772,35.744687596074414
784,0.93929005,87.35676264107968,0.01834734,35.583922079510735
785,0.93843234,87.27699306523367,0.018350143,35.71316377766064
786,0.93785346,87.223155507008,0.018377632,35.801134429158004
787,0.93704975,87.14840809144422,0.018365426,35.72469045110412
788,0.93647724,87.09516296212593,0.018374974,35.76690829760667
789,0.93585765,87.03753925306526,0.018390723,35.90652348975412
790,0.93484104,86.9429915055739,0.018398633,35.827841807017606
791,0.93412715,86.87659761661293,0.018419296,35.84446175516523
792,0.93340302,86.8092513772577,0.018436478,35.893427251851804
793,0.93265229,86.73943125894863,0.01845105,35.74546346625125
794,0.93209994,86.68806106946903,0.018461831,35.65813910084039
795,0.93122369,86.60656721859277,0.018472912,35.62272955474447
796,0.9304741,86.53685312366744,0.018497445,35.65591895920495
797,0.93000311,86.49304965567976,0.018526752,35.69381927018631
798,0.92917931,86.41643381048505,0.018532906,35.79775835121461
799,0.92859113,86.36173132465522,0.018452059,36.0407281180698
800,0.927836,86.29150199328612,0.018378742,36.35973772555207
801,0.92714924,86.22763127485213,0.018305056,36.70208398571427
802,0.92633486,86.15189151761777,0.018256461,36.83016502860071
803,0.92548949,86.07326959839922,0.018240703,36.97735751534399
804,0.92520416,86.04673306148565,0.018234625,37.098779250000085
805,0.92387348,85.92297587177494,0.018222626,36.983543172557184
806,0.92344201,85.88284788109011,0.018233174,37.243613605347605
807,0.92253977,85.79893688307061,0.01824181,36.89960706756752
808,0.92186219,85.73591993188462,0.018307164,36.78240158741998
809,0.92073238,85.63084424839418,0.018431032,36.49795965925932
810,0.92013705,85.57547679134179,0.018521147,36.23543794252867
811,0.91918325,85.48677056028242,0.018606409,36.03331209641033
812,0.9183197,85.40645784710217,0.018655233,35.93352782838989
813,0.91755974,85.3357793113967,0.01870141,35.87477831534394
814,0.91669554,85.25540614628714,0.018731724,35.82657914047872
815,0.91591567,85.18287592148502,0.018759226,35.804435681307545
816,0.91490299,85.08869367565865,0.018781653,35.69081322883065
817,0.91416621,85.02017094875582,0.018796951,35.76344264989727
818,0.91306305,84.91757379436764,0.018820086,35.81938933928573
819,0.91249222,84.8644849100359,0.018838748,35.87435987678202
820,0.91143388,84.76605614868198,0.0188528,35.79645720225873
821,0.91055864,84.6846562308036,0.01887604,35.90298719388828
822,0.90984178,84.61798612302711,0.018893732,35.935943114375625
823,0.90895987,84.53596587535091,0.018911215,35.806060422177005
824,0.9080174,84.44831336792113,0.018952485,35.726809805845456
825,0.90712172,84.36501246937296,0.019014619,35.72617653534309
826,0.90618628,84.27801377280956,0.019041166,35.711830514841296
827,0.90525389,84.19129873529913,0.019063193,35.68742350206182
828,0.90425187,84.09810790111365,0.01910858,35.655099005122956
829,0.90348244,84.02654862729943,0.019151174,35.40422272163741
830,0.90230322,83.91687766715073,0.019176034,35.762485497420016
831,0.90155762,83.84753465406847,0.019137226,35.71527482738092
832,0.90074521,83.77197811268145,0.019083809,36.20442467014621
833,0.89857668,83.57029838607298,0.019053029,36.372644859979076
834,0.89899987,83.6096563121812,0.019022506,36.60209300934578
835,0.89802152,83.51866685825277,0.019030549,36.592610282586
836,0.89705354,83.42864184510448,0.01900549,36.78388130476185
837,0.89598298,83.32907658747928,0.019006269,36.96814045174974
838,0.89503872,83.24125760473645,0.019016113,36.98003968324332
839,0.89399892,83.14455311841277,0.019067066,36.871293140461184
840,0.8930077,83.05236671628374,0.019143486,36.74043619857426
841,0.89188147,82.94762398341942,0.019337766,36.24048536085971
842,0.8909694,82.86279876622262,0.019513972,35.80577637542656
843,0.88969421,82.74420231121677,0.019700374,35.50059273893302
844,0.88863361,82.64556336315472,0.019832384,35.37063227605956
845,0.88757771,82.54736152904319,0.019912781,35.30043078418074
846,0.88661999,82.45829072634852,0.020025782,35.16819368140585
847,0.885252,82.33106359589466,0.020124726,35.218603942190654
848,0.88432902,82.2452237163149,0.020204989,35.11571973286866
849,0.88325959,82.14576355204376,0.020296263,35.27546539779563
850,0.88227195,82.05391010054085,0.020385923,35.05866588760142
851,0.88107961,81.94301894144951,0.020487461,34.95832929887639
852,0.88019997,81.8612098105111,0.020626698,34.9375412431506
